{
  "Working Directory" : "\/Users\/Smasse",
  "Prompt Before Closing 2" : 0,
  "Selected Text Color" : {
    "Green Component" : 0.10882643610239029,
    "Blue Component" : 0.11468168348073959,
    "Red Component" : 0.1061948761343956
  },
  "Rows" : 25,
  "Ansi 11 Color" : {
    "Green Component" : 0.76383364200592041,
    "Blue Component" : 0.14501926302909851,
    "Red Component" : 0.99029809236526489
  },
  "Use Italic Font" : true,
  "Foreground Color" : {
    "Red Component" : 0.6934356689453125,
    "Color Space" : "sRGB",
    "Blue Component" : 0.59430409427164932,
    "Alpha Component" : 1,
    "Green Component" : 0.55041244602762163
  },
  "Right Option Key Sends" : 0,
  "Character Encoding" : 4,
  "Selection Color" : {
    "Green Component" : 0.38094004988670349,
    "Blue Component" : 0.32765018939971924,
    "Red Component" : 0.91622984409332275
  },
  "Triggers" : [

  ],
  "Blend" : 0.30000001192092896,
  "Mouse Reporting" : true,
  "Cursor Boost" : 0.23544592696629213,
  "Ansi 4 Color" : {
    "Green Component" : 0.43941885232925415,
    "Blue Component" : 0.71785867214202881,
    "Red Component" : 0.17289222776889801
  },
  "Non-ASCII Anti Aliased" : true,
  "Sync Title" : false,
  "Disable Window Resizing" : true,
  "Close Sessions On End" : true,
  "Jobs to Ignore" : [
    "rlogin",
    "ssh",
    "slogin",
    "telnet"
  ],
  "Scrollback With Status Bar" : false,
  "Scrollback Lines" : 1000,
  "Scrollback in Alternate Screen" : true,
  "Hide After Opening" : false,
  "Brighten Bold Text" : false,
  "Flashing Bell" : false,
  "Cursor Guide Color" : {
    "Red Component" : 0.70213186740875244,
    "Color Space" : "sRGB",
    "Blue Component" : 1,
    "Alpha Component" : 0.25,
    "Green Component" : 0.9268307089805603
  },
  "BM Growl" : true,
  "Ansi 3 Color" : {
    "Green Component" : 0.46487006545066833,
    "Blue Component" : 0.11535728722810745,
    "Red Component" : 0.98015183210372925
  },
  "Use Non-ASCII Font" : false,
  "Link Color" : {
    "Red Component" : 0,
    "Color Space" : "sRGB",
    "Blue Component" : 0.602996826171875,
    "Alpha Component" : 1,
    "Green Component" : 0.38327691331505775
  },
  "Shortcut" : "",
  "Background Image Location" : "",
  "Bold Color" : {
    "Red Component" : 0.93333333333333335,
    "Color Space" : "sRGB",
    "Blue Component" : 0.55482177734375004,
    "Alpha Component" : 1,
    "Green Component" : 0.61079883844080107
  },
  "Unlimited Scrollback" : false,
  "Custom Command" : "No",
  "Smart Selection Rules" : [
    {
      "notes" : "Word bounded by whitespace",
      "regex" : "\\S+",
      "precision" : "low"
    },
    {
      "notes" : "C++ namespace::identifier",
      "regex" : "([a-zA-Z0-9_]+::)+[a-zA-Z0-9_]+",
      "precision" : "normal"
    },
    {
      "notes" : "Paths",
      "regex" : "\\~?\/?([[:letter:][:number:]._-]+\/+)+[[:letter:][:number:]._-]+\/?",
      "precision" : "normal"
    },
    {
      "notes" : "Quoted string",
      "regex" : "@?\"(?:[^\"\\\\]|\\\\.)*\"",
      "precision" : "normal"
    },
    {
      "notes" : "Java\/Python include paths",
      "regex" : "([[:letter:][:number:]._]+\\.)+[[:letter:][:number:]._]+",
      "precision" : "normal"
    },
    {
      "notes" : "mailto URL",
      "regex" : "\\bmailto:([a-z0-9A-Z_]+@)?([a-zA-Z0-9\\-]+\\.)*[a-zA-Z0-9\\-]+\\b",
      "precision" : "normal"
    },
    {
      "notes" : "Obj-C selector",
      "regex" : "@selector\\([^)]+\\)",
      "precision" : "high"
    },
    {
      "notes" : "email address",
      "regex" : "\\b[A-Za-z0-9._%+-]+@[A-Za-z0-9.-]+\\.[A-Za-z]{2,4}\\b",
      "precision" : "high"
    },
    {
      "notes" : "HTTP URL",
      "regex" : "https?:\/\/([a-z0-9A-Z]+(:[a-zA-Z0-9]+)?@)?[a-z0-9A-Z]+(\\.[a-z0-9A-Z]+)*((:[0-9]+)?)(\/[a-zA-Z0-9;\/\\.\\-_+%~?&@=#\\(\\)]*)?",
      "precision" : "very_high"
    },
    {
      "notes" : "SSH URL",
      "regex" : "\\bssh:([a-z0-9A-Z_]+@)?([a-zA-Z0-9\\-]+\\.)*[a-zA-Z0-9\\-]+\\b",
      "precision" : "very_high"
    },
    {
      "notes" : "Telnet URL",
      "regex" : "\\btelnet:([a-z0-9A-Z_]+@)?([a-zA-Z0-9\\-]+\\.)*[a-zA-Z0-9\\-]+\\b",
      "precision" : "very_high"
    }
  ],
  "Keyboard Map" : {
    "0x3-0x2a0000" : {
      "Action" : 11,
      "Text" : "0x02 0x2C"
    },
    "0xf702-0x280000" : {
      "Action" : 11,
      "Text" : "0x1b 0x1b 0x5b 0x44"
    },
    "0x4b-0xa0000" : {
      "Action" : 11,
      "Text" : "0x02 0x7B"
    },
    "0xf70d-0x20000" : {
      "Action" : 10,
      "Text" : "[21;2~"
    },
    "0x30-0x2a0000" : {
      "Action" : 11,
      "Text" : "0x02 0x30"
    },
    "0xf701-0x280000" : {
      "Action" : 11,
      "Text" : "0x1b 0x1b 0x5b 0x42"
    },
    "0x33-0x40000" : {
      "Action" : 11,
      "Text" : "0x1b"
    },
    "0xf703-0x260000" : {
      "Action" : 10,
      "Text" : "[1;6C"
    },
    "0xf729-0x20000" : {
      "Action" : 10,
      "Text" : "[1;2H"
    },
    "0x34-0x2a0000" : {
      "Action" : 11,
      "Text" : "0x02 0x70"
    },
    "0x33-0x2a0000" : {
      "Action" : 11,
      "Text" : "0x02 0x33"
    },
    "0x32-0x2a0000" : {
      "Action" : 11,
      "Text" : "0x02 0x32"
    },
    "0x31-0x2a0000" : {
      "Action" : 11,
      "Text" : "0x02 0x31"
    },
    "0x36-0x2a0000" : {
      "Action" : 11,
      "Text" : "0x02 0x6E"
    },
    "0xf700-0x280000" : {
      "Action" : 11,
      "Text" : "0x1b 0x1b 0x5b 0x41"
    },
    "0xf708-0x20000" : {
      "Action" : 10,
      "Text" : "[15;2~"
    },
    "0xf702-0x260000" : {
      "Action" : 10,
      "Text" : "[1;6D"
    },
    "0x2a-0x2a0000" : {
      "Action" : 11,
      "Text" : "0x02 0x78"
    },
    "0x38-0x40000" : {
      "Action" : 11,
      "Text" : "0x7f"
    },
    "0x2b-0x2a0000" : {
      "Action" : 11,
      "Text" : "0x02 0x63"
    },
    "0xf72b-0x40000" : {
      "Action" : 10,
      "Text" : "[1;5F"
    },
    "0x4a-0xa0000" : {
      "Action" : 11,
      "Text" : "0x02 0x6F"
    },
    "0xf70c-0x20000" : {
      "Action" : 10,
      "Text" : "[20;2~"
    },
    "0x2e-0x2a0000" : {
      "Action" : 11,
      "Text" : "0x02 0x26"
    },
    "0x19-0xa0000" : {
      "Action" : 11,
      "Text" : "0x02 0x70"
    },
    "0x2f-0x2a0000" : {
      "Action" : 11,
      "Text" : "0x02 0x25"
    },
    "0xf701-0x260000" : {
      "Action" : 10,
      "Text" : "[1;6B"
    },
    "0x2d-0x2a0000" : {
      "Action" : 11,
      "Text" : "0x02 0x22"
    },
    "0x32-0x40000" : {
      "Action" : 11,
      "Text" : "0x00"
    },
    "0xf707-0x20000" : {
      "Action" : 10,
      "Text" : "[1;2S"
    },
    "0xf703-0x240000" : {
      "Action" : 10,
      "Text" : "[1;5C"
    },
    "0xf700-0x260000" : {
      "Action" : 10,
      "Text" : "[1;6A"
    },
    "0xf702-0x240000" : {
      "Action" : 10,
      "Text" : "[1;5D"
    },
    "0x37-0x40000" : {
      "Action" : 11,
      "Text" : "0x1f"
    },
    "0xf701-0x240000" : {
      "Action" : 10,
      "Text" : "[1;5B"
    },
    "0xf70b-0x20000" : {
      "Action" : 10,
      "Text" : "[19;2~"
    },
    "0xf703-0x220000" : {
      "Action" : 10,
      "Text" : "[1;2C"
    },
    "0x20-0x20000" : {
      "Action" : 12,
      "Text" : "Ô"
    },
    "0xf706-0x20000" : {
      "Action" : 10,
      "Text" : "[1;2R"
    },
    "0xf700-0x240000" : {
      "Action" : 10,
      "Text" : "[1;5A"
    },
    "0xf702-0x220000" : {
      "Action" : 10,
      "Text" : "[1;2D"
    },
    "0x36-0x40000" : {
      "Action" : 11,
      "Text" : "0x1e"
    },
    "0xf70f-0x20000" : {
      "Action" : 10,
      "Text" : "[24;2~"
    },
    "0xf701-0x220000" : {
      "Action" : 10,
      "Text" : "[1;2B"
    },
    "0x48-0xa0000" : {
      "Action" : 11,
      "Text" : "0x02 0x70"
    },
    "0xf70a-0x20000" : {
      "Action" : 10,
      "Text" : "[18;2~"
    },
    "0xf729-0x40000" : {
      "Action" : 10,
      "Text" : "[1;5H"
    },
    "0xf72b-0x20000" : {
      "Action" : 10,
      "Text" : "[1;2F"
    },
    "0xf700-0x220000" : {
      "Action" : 10,